,PassengerId,Pclass,Age,SibSp,Parch,Fare,Familiares
count,1309.0,1309.0,1046.0,1309.0,1309.0,1308.0,1309.0
mean,655.0,2.294881588999236,29.881137667304014,0.4988540870893812,0.3850267379679144,33.29547928134557,0.8838808250572956
std,378.0200611960517,0.8378360189701275,14.413493211271321,1.041658390596102,0.8655602753495147,51.75866823917411,1.583639086543609
min,1.0,1.0,0.17,0.0,0.0,0.0,0.0
25%,328.0,2.0,21.0,0.0,0.0,7.8958,0.0
50%,655.0,3.0,28.0,0.0,0.0,14.4542,0.0
75%,982.0,3.0,39.0,1.0,0.0,31.275,1.0
max,1309.0,3.0,80.0,8.0,9.0,512.3292,10.0
